{"cameraMode":{"drawMode":0,"name":"Shaded","section":"Shading Mode"},"sceneLighting":true,"audioPlay":false,"sceneViewState":{"showFog":true,"showMaterialUpdate":false,"showSkybox":true,"showFlares":true,"showImageEffects":true,"showParticleSystems":true},"in2DMode":false,"pivot":{"x":-75.80684661865235,"y":42.30984878540039,"z":65.37284088134766},"rotation":{"x":-0.09342607110738754,"y":0.5000792145729065,"z":-0.05437617376446724,"w":-0.8592070937156677},"size":136.3279571533203,"orthographic":false}