{"cameraMode":{"drawMode":0,"name":"Shaded","section":"Shading Mode"},"sceneLighting":true,"audioPlay":false,"sceneViewState":{"showFog":true,"showMaterialUpdate":false,"showSkybox":true,"showFlares":true,"showImageEffects":true,"showParticleSystems":true},"in2DMode":false,"pivot":{"x":1.6714630126953126,"y":-0.8177719116210938,"z":-7.015625},"rotation":{"x":0.0014999184058979154,"y":-0.0014999080449342728,"z":0.0000015410545302074752,"w":1.0000003576278687},"size":14.639345169067383,"orthographic":true}